{
  "baseline": {
    "detection_times": [
      11.799398165749153,
      12.451127022359287,
      12.386667800456053,
      11.803411620348925,
      12.52328212649445
    ],
    "avg_ms": 12.192777347081574,
    "syn_threshold": 100,
    "syns_to_detect": 100
  },
  "optimizer": {
    "detection_times": [
      2.662157352460781,
      2.634716540342197,
      3.3860018047562335,
      2.6885668776230887,
      3.127296851744177
    ],
    "avg_ms": 2.8997478853852954,
    "port_threshold": 5,
    "avg_syns_before": 13.0
  },
  "flood_with_optimizer": {
    "detection_times": [
      12.428340767655754,
      11.765330284106312,
      12.1183042829216,
      11.753436330764089,
      11.933501755265752
    ],
    "avg_ms": 11.999782684142701
  },
  "config": {
    "syn_threshold": 100,
    "port_diversity_threshold": 5,
    "time_window": 10.0,
    "num_trials": 5,
    "flood_packets": 200,
    "legit_packets": 50
  }
}